ID,Recomended Name,"Names, Synonyms and Abbreviations"
O00203,AP-3 complex subunit beta-1,"AP-3 complex subunit beta-1, Adaptor protein complex AP-3 subunit beta-1, Adaptor-related protein complex 3 subunit beta-1, Beta-3A-adaptin, Clathrin assembly protein complex 3 beta-1 large chain"
O60885,Bromodomain-containing protein 4,"Bromodomain-containing protein 4, Protein HUNK1"
P25440,Bromodomain-containing protein 2,"Bromodomain-containing protein 2, O27.1.1, Really interesting new gene 3 protein"
Q6UX04,Spliceosome-associated protein CWC27 homolog,"Spliceosome-associated protein CWC27 homolog, Antigen NY-CO-10, Probable inactive peptidyl-prolyl cis-trans isomerase CWC27 homolog, PPIase CWC27, Serologically defined colon cancer antigen 10"
Q86VM9,Zinc finger CCCH domain-containing protein 18,"Zinc finger CCCH domain-containing protein 18, Nuclear protein NHN1"
Q8IWA5,Choline transporter-like protein 2,"Choline transporter-like protein 2, Solute carrier family 44 member 2"
O75439,Mitochondrial-processing peptidase subunit beta,"Mitochondrial-processing peptidase subunit beta, EC 3.4.24.64, Beta-MPP, P-52"
O95070,Protein YIF1A,"Protein YIF1A, 54TMp, YIP1-interacting factor homolog A"
P05026,Sodium/potassium-transporting ATPase subunit beta-1,"Sodium/potassium-transporting ATPase subunit beta-1, Sodium/potassium-dependent ATPase subunit beta-1"
P11310,"Medium-chain specific acyl-CoA dehydrogenase, mitochondrial","Medium-chain specific acyl-CoA dehydrogenase, mitochondrial, MCAD, EC 1.3.8.7, Medium chain acyl-CoA dehydrogenase, MCADH"
P13804,"Electron transfer flavoprotein subunit alpha, mitochondrial","Electron transfer flavoprotein subunit alpha, mitochondrial, Alpha-ETF, Medium chain acyl-CoA dehydrogenase, MCADH"
P27105,Stomatin,"Stomatin, Erythrocyte band 7 integral membrane protein, Erythrocyte membrane protein band 7.2, Protein 7.2b"
P38435,Vitamin K-dependent gamma-carboxylase,"Vitamin K-dependent gamma-carboxylase, EC 4.1.1.90, Gamma-glutamyl carboxylase, Peptidyl-glutamate 4-carboxylase, Vitamin K gamma glutamyl carboxylase"
P38606,V-type proton ATPase catalytic subunit A,"V-type proton ATPase catalytic subunit A, V-ATPase subunit A, EC 7.1.2.2, V-ATPase 69 kDa subunit, Vacuolar ATPase isoform VA68, Vacuolar proton pump subunit alpha"
P48556,26S proteasome non-ATPase regulatory subunit 8,"26S proteasome non-ATPase regulatory subunit 8, 26S proteasome regulatory subunit RPN12, 26S proteasome regulatory subunit S14, p31"
Q00765,Receptor expression-enhancing protein 5,"Receptor expression-enhancing protein 5, Polyposis locus protein 1, Protein TB2"
Q10713,Mitochondrial-processing peptidase subunit alpha,"Mitochondrial-processing peptidase subunit alpha, Alpha-MPP, Inactive zinc metalloprotease alpha, P-55"
Q4KMQ2,Anoctamin-6,"Anoctamin-6, Small-conductance calcium-activated nonselective cation channel, SCAN channel, Transmembrane protein 16F"
Q5JRX3,"Presequence protease, mitochondrial","Presequence protease, mitochondrial, hPreP, EC 3.4.24.-, Pitrilysin metalloproteinase 1, Metalloprotease 1"
Q6PML9,Zinc transporter 9,"Zinc transporter 9, ZnT-9, Human embryonic lung protein, HuEL, Solute carrier family 30 member 9"
Q7L8L6,"FAST kinase domain-containing protein 5, mitochondrial","FAST kinase domain-containing protein 5, mitochondrial, Human embryonic lung protein, HuEL, Solute carrier family 30 member 9"
Q8NEW0,Zinc transporter 7,"Zinc transporter 7, ZnT-7, Solute carrier family 30 member 7, Znt-like transporter 2"
Q96CW5,Gamma-tubulin complex component 3,"Gamma-tubulin complex component 3, GCP-3, hGCP3, Gamma-ring complex protein 104 kDa, h104p, hGrip104, Spindle pole body protein Spc98 homolog, hSpc98"
Q96D53,"Atypical kinase COQ8B, mitochondrial","Atypical kinase COQ8B, mitochondrial, EC 2.7.-.-, AarF domain-containing protein kinase 4, Coenzyme Q protein 8B"
Q96ER3,Protein SAAL1,"Protein SAAL1, Synoviocyte proliferation-associated in collagen-induced arthritis protein 1, SPACIA1"
Q96HR9,Receptor expression-enhancing protein 6,"Receptor expression-enhancing protein 6, Polyposis locus protein 1-like 1"
Q96HW7,Integrator complex subunit 4,"Integrator complex subunit 4, Int4, Polyposis locus protein 1-like 1"
Q9BQT8,Mitochondrial 2-oxodicarboxylate carrier,"Mitochondrial 2-oxodicarboxylate carrier, Solute carrier family 25 member 21"
Q9BSJ2,Gamma-tubulin complex component 2,"Gamma-tubulin complex component 2, GCP-2, hGCP2, Gamma-ring complex protein 103 kDa, h103p, hGrip103, Spindle pole body protein Spc97 homolog, hSpc97"
Q9BW92,"Threonine--tRNA ligase, mitochondrial","Threonine--tRNA ligase, mitochondrial, EC 6.1.1.3, Threonyl-tRNA synthetase, ThrRS, Threonyl-tRNA synthetase-like 1"
Q9NQC3,Reticulon-4,"Reticulon-4, Foocen, Neurite outgrowth inhibitor, Nogo protein, Neuroendocrine-specific protein, NSP, Neuroendocrine-specific protein C homolog, RTN-x, Reticulon-5"
Q9UBU6,Protein FAM8A1,"Protein FAM8A1, Autosomal highly conserved protein"
Q9UDR5,"Alpha-aminoadipic semialdehyde synthase, mitochondrial","Alpha-aminoadipic semialdehyde synthase, mitochondrial, LKR/SDH"
Q9ULX6,A-kinase anchor protein 8-like,"A-kinase anchor protein 8-like, AKAP8-like protein, Helicase A-binding protein 95, HAP95, Homologous to AKAP95 protein, HA95, Neighbor of A-kinase-anchoring protein 95, Neighbor of AKAP95"
Q9Y312,Protein AAR2 homolog,"Protein AAR2 homolog, AAR2 splicing factor homolog"
Q9Y6E2,Basic leucine zipper and W2 domain-containing protein 2,"Basic leucine zipper and W2 domain-containing protein 2, AAR2 splicing factor homolog"
O43818,U3 small nucleolar RNA-interacting protein 2,"U3 small nucleolar RNA-interacting protein 2, RRP9 homolog, U3 small nucleolar ribonucleoprotein-associated 55 kDa protein, U3 snoRNP-associated 55 kDa protein"
P11940,Polyadenylate-binding protein 1,"Polyadenylate-binding protein 1, PABP-1, Poly(A)-binding protein 1, RRP9 homolog, U3 small nucleolar ribonucleoprotein-associated 55 kDa protein, U3 snoRNP-associated 55 kDa protein"
P19784,Casein kinase II subunit alpha',"""Casein kinase II subunit alpha"", ""CK II alpha"", EC 2.7.11.1, RRP9 homolog, U3 small nucleolar ribonucleoprotein-associated 55 kDa protein, U3 snoRNP-associated 55 kDa protein"
P67870,Casein kinase II subunit beta,"Casein kinase II subunit beta, CK II beta, Phosvitin, Protein G5a"
Q13283,Ras GTPase-activating protein-binding protein 1,"Ras GTPase-activating protein-binding protein 1, G3BP-1, EC 3.6.4.12, EC 3.6.4.13, ATP-dependent DNA helicase VIII, hDH VIII, GAP SH3 domain-binding protein 1"
Q13310,Polyadenylate-binding protein 4,"Polyadenylate-binding protein 4, PABP-4, Poly(A)-binding protein 4, Activated-platelet protein 1, APP-1, Inducible poly(A)-binding protein, iPABP"
Q6PKG0,La-related protein 1,"La-related protein 1, La ribonucleoprotein domain family member 1"
Q8NCA5,Protein FAM98A,"Protein FAM98A, La ribonucleoprotein domain family member 1"
Q8TAD8,Smad nuclear-interacting protein 1,"Smad nuclear-interacting protein 1, FHA domain-containing protein SNIP1"
Q92900,Regulator of nonsense transcripts 1,"Regulator of nonsense transcripts 1, EC 3.6.4.-, ATP-dependent helicase RENT1, Nonsense mRNA reducing factor 1, NORF1, Up-frameshift suppressor 1 homolog, hUpf1"
Q9HCE1,Helicase MOV-10,"Helicase MOV-10, EC 3.6.4.13, Armitage homolog, Moloney leukemia virus 10 protein"
Q9UN86,Ras GTPase-activating protein-binding protein 2,"Ras GTPase-activating protein-binding protein 2, G3BP-2, GAP SH3 domain-binding protein 2"
Q9NR30,Nucleolar RNA helicase 2,"Nucleolar RNA helicase 2, EC 3.6.4.13, DEAD box protein 21, Gu-alpha, Nucleolar RNA helicase Gu, Nucleolar RNA helicase II, RH II/Gu"
Q9NW13,RNA-binding protein 28,"RNA-binding protein 28, RNA-binding motif protein 28"
Q9Y3U8,60S ribosomal protein L36,"60S ribosomal protein L36, Large ribosomal subunit protein eL36"
Q7Z5G4,Golgin subfamily A member 7,"Golgin subfamily A member 7, Golgi complex-associated protein of 16 kDa"
Q9C0B5,Palmitoyltransferase ZDHHC5,"Palmitoyltransferase ZDHHC5, EC 2.3.1.225, Zinc finger DHHC domain-containing protein 5, DHHC-5, Zinc finger protein 375"
P09884,DNA polymerase alpha catalytic subunit,"DNA polymerase alpha catalytic subunit, EC 2.7.7.7, DNA polymerase alpha catalytic subunit p180"
P49642,DNA primase small subunit,"DNA primase small subunit, EC 2.7.7.-, DNA primase 49 kDa subunit, p49"
P49643,DNA primase large subunit,"DNA primase large subunit, DNA primase 58 kDa subunit, p58"
Q14181,DNA polymerase alpha subunit B,"DNA polymerase alpha subunit B, DNA polymerase alpha 70 kDa subunit"
Q8NBJ5,Procollagen galactosyltransferase 1,"Procollagen galactosyltransferase 1, EC 2.4.1.50, Collagen beta(1-O)galactosyltransferase 1, ColGalT 1, Glycosyltransferase 25 family member 1, Hydroxylysine galactosyltransferase 1"
Q99959,Plakophilin-2,"Plakophilin-2, Collagen beta(1-O)galactosyltransferase 1, ColGalT 1, Glycosyltransferase 25 family member 1, Hydroxylysine galactosyltransferase 1"
O94973,AP-2 complex subunit alpha-2,"AP-2 complex subunit alpha-2, 100 kDa coated vesicle protein C, Adaptor protein complex AP-2 subunit alpha-2, Adaptor-related protein complex 2 subunit alpha-2, Alpha-adaptin C, Alpha2-adaptin, Clathrin assembly protein complex 2 alpha-C large chain, Huntingtin yeast partner J, Huntingtin-interacting protein 9, HIP-9, Huntingtin-interacting protein J, Plasma membrane adaptor HA2/AP2 adaptin alpha C subunit"
P55789,FAD-linked sulfhydryl oxidase ALR,"FAD-linked sulfhydryl oxidase ALR, EC 1.8.3.2, Augmenter of liver regeneration, hERV1, Hepatopoietin"
Q969X5,Endoplasmic reticulum-Golgi intermediate compartment protein 1,"Endoplasmic reticulum-Golgi intermediate compartment protein 1, ER-Golgi intermediate compartment 32 kDa protein, ERGIC-32"
Q96CW1,AP-2 complex subunit mu,"AP-2 complex subunit mu, AP-2 mu chain, Adaptin-mu2, Adaptor protein complex AP-2 subunit mu, Adaptor-related protein complex 2 subunit mu, Clathrin assembly protein complex 2 mu medium chain, Clathrin coat assembly protein AP50, Clathrin coat-associated protein AP50, HA2 50 kDa subunit, Plasma membrane adaptor AP-2 50 kDa protein"
Q9HAV7,"GrpE protein homolog 1, mitochondrial","GrpE protein homolog 1, mitochondrial, HMGE, Mt-GrpE#1"
O75347,Tubulin-specific chaperone A,"Tubulin-specific chaperone A, TCP1-chaperonin cofactor A, Tubulin-folding cofactor A, CFA"
A3KN83,Protein strawberry notch homolog 1,"Protein strawberry notch homolog 1, Monocyte protein 3, MOP-3"
O14874,"[3-methyl-2-oxobutanoate dehydrogenase [lipoamide]] kinase, mitochondrial","3-methyl-2-oxobutanoate dehydrogenase lipoamide kinase, mitochondrial, EC 2.7.11.4, Branched-chain alpha-ketoacid dehydrogenase kinase, BCKD-kinase, BCKDHKIN"
O43823,A-kinase anchor protein 8,"A-kinase anchor protein 8, AKAP-8, A-kinase anchor protein 95 kDa, AKAP 95"
O75592,E3 ubiquitin-protein ligase MYCBP2,"E3 ubiquitin-protein ligase MYCBP2, EC 2.3.2.33, Myc-binding protein 2, Protein associated with Myc"
O95391,Pre-mRNA-splicing factor SLU7,"Pre-mRNA-splicing factor SLU7, hSlu7, Myc-binding protein 2, Protein associated with Myc"
Q13546,Receptor-interacting serine/threonine-protein kinase 1,"Receptor-interacting serine/threonine-protein kinase 1, EC 2.7.11.1, Cell death protein RIP, Receptor-interacting protein 1, RIP-1"
Q14157,Ubiquitin-associated protein 2-like,"Ubiquitin-associated protein 2-like, Protein NICE-4"
Q2T9J0,Peroxisomal leader peptide-processing protease,"Peroxisomal leader peptide-processing protease, EC 3.4.21.-, Trypsin domain-containing protein 1"
Q5EBL8,PDZ domain-containing protein 11,"PDZ domain-containing protein 11, ATPase-interacting PDZ protein, Plasma membrane calcium ATPase-interacting single-PDZ protein, PMCA-interacting single-PDZ protein"
Q5JSZ5,Protein PRRC2B,"Protein PRRC2B, HLA-B-associated transcript 2-like 1, Proline-rich coiled-coil protein 2B"
Q5T6F2,Ubiquitin-associated protein 2,"Ubiquitin-associated protein 2, UBAP-2, HLA-B-associated transcript 2-like 1, Proline-rich coiled-coil protein 2B"
Q5VUA4,Zinc finger protein 318,"Zinc finger protein 318, Endocrine regulatory protein"
Q6UUV7,CREB-regulated transcription coactivator 3,"CREB-regulated transcription coactivator 3, Transducer of regulated cAMP response element-binding protein 3, TORC-3, Transducer of CREB protein 3"
Q70EL1,Inactive ubiquitin carboxyl-terminal hydrolase 54,"Inactive ubiquitin carboxyl-terminal hydrolase 54, Inactive ubiquitin-specific peptidase 54"
Q8IWR0,Zinc finger CCCH domain-containing protein 7A,"Zinc finger CCCH domain-containing protein 7A, Inactive ubiquitin-specific peptidase 54"
Q92615,La-related protein 4B,"La-related protein 4B, La ribonucleoprotein domain family member 4B, La ribonucleoprotein domain family member 5, La-related protein 5"
Q96IZ5,RNA-binding protein 41,"RNA-binding protein 41, RNA-binding motif protein 41"
Q99081,Transcription factor 12,"Transcription factor 12, TCF-12, Class B basic helix-loop-helix protein 20, bHLHb20, DNA-binding protein HTF4, E-box-binding protein, Transcription factor HTF-4"
Q9H2H8,Peptidyl-prolyl cis-trans isomerase-like 3,"Peptidyl-prolyl cis-trans isomerase-like 3, PPIase, EC 5.2.1.8, Cyclophilin J, CyPJ, Cyclophilin-like protein PPIL3, Rotamase PPIL3"
Q9HAU0,Pleckstrin homology domain-containing family A member 5,"Pleckstrin homology domain-containing family A member 5, PH domain-containing family A member 5, Phosphoinositol 3-phosphate-binding protein 2, PEPP-2"
A7MCY6,TANK-binding kinase 1-binding protein 1,"TANK-binding kinase 1-binding protein 1, TBK1-binding protein 1, Phosphoinositol 3-phosphate-binding protein 2, PEPP-2"
O14578,Citron Rho-interacting kinase,"Citron Rho-interacting kinase, CRIK, EC 2.7.11.1, Serine/threonine-protein kinase 21"
O75506,Heat shock factor-binding protein 1,"Heat shock factor-binding protein 1, Nasopharyngeal carcinoma-associated antigen 13, NPC-A-13"
O95613,Pericentrin,"Pericentrin, Kendrin, Pericentrin-B"
O95684,Centrosomal protein 43,"Centrosomal protein 43, FGFR1 oncogene partner"
P13861,cAMP-dependent protein kinase type II-alpha regulatory subunit,"cAMP-dependent protein kinase type II-alpha regulatory subunit, FGFR1 oncogene partner"
P17612,cAMP-dependent protein kinase catalytic subunit alpha,"cAMP-dependent protein kinase catalytic subunit alpha, PKA C-alpha, EC 2.7.11.11, FGFR1 oncogene partner"
P31323,cAMP-dependent protein kinase type II-beta regulatory subunit,"cAMP-dependent protein kinase type II-beta regulatory subunit, FGFR1 oncogene partner"
P35241,Radixin,"Radixin, FGFR1 oncogene partner"
P49454,Centromere protein F,"Centromere protein F, CENP-F, AH antigen, Kinetochore protein CENPF, Mitosin"
Q04724,Transducin-like enhancer protein 1,"Transducin-like enhancer protein 1, E(Sp1) homolog, Enhancer of split groucho-like protein 1, ESG1"
Q04726,Transducin-like enhancer protein 3,"Transducin-like enhancer protein 3, Enhancer of split groucho-like protein 3, ESG3"
Q08117,TLE family member 5,"TLE family member 5, Amino-terminal enhancer of split, Amino enhancer of split, Gp130-associated protein GAM, Grg-5, Groucho-related protein 5, Protein ESP1, Protein GRG, TLE family member 5, transcriptional modulator"
Q08378,Golgin subfamily A member 3,"Golgin subfamily A member 3, Golgi complex-associated protein of 170 kDa, GCP170, Golgin-160"
Q08379,Golgin subfamily A member 2,"Golgin subfamily A member 2, 130 kDa cis-Golgi matrix protein, GM130, GM130 autoantigen, Golgin-95"
Q14789,Golgin subfamily B member 1,"Golgin subfamily B member 1, 372 kDa Golgi complex-associated protein, GCP372, Giantin, Macrogolgin"
Q4V328,GRIP1-associated protein 1,"GRIP1-associated protein 1, GRASP-1, 372 kDa Golgi complex-associated protein, GCP372, Giantin, Macrogolgin"
Q5VT06,Centrosome-associated protein 350,"Centrosome-associated protein 350, Cep350, Centrosome-associated protein of 350 kDa"
Q5VU43,Myomegalin,"Myomegalin, Cardiomyopathy-associated protein 2, Phosphodiesterase 4D-interacting protein"
Q66GS9,Centrosomal protein of 135 kDa,"Centrosomal protein of 135 kDa, Cep135, Centrosomal protein 4"
Q76N32,Centrosomal protein of 68 kDa,"Centrosomal protein of 68 kDa, Cep68, Centrosomal protein 4"
Q7Z7A1,Centriolin,"Centriolin, Centrosomal protein 1, Centrosomal protein of 110 kDa, Cep110"
Q8IUD2,ELKS/Rab6-interacting/CAST family member 1,"ELKS/Rab6-interacting/CAST family member 1, ERC-1, Rab6-interacting protein 2"
Q8IWJ2,GRIP and coiled-coil domain-containing protein 2,"GRIP and coiled-coil domain-containing protein 2, 185 kDa Golgi coiled-coil protein, GCC185, CLL-associated antigen KW-11, CTCL tumor antigen se1-1, Ran-binding protein 2-like 4, RanBP2L4, Renal carcinoma antigen NY-REN-53"
Q8N3C7,CAP-Gly domain-containing linker protein 4,"CAP-Gly domain-containing linker protein 4, Restin-like protein 2"
Q8N4C6,Ninein,"Ninein, hNinein, Glycogen synthase kinase 3 beta-interacting protein, GSK3B-interacting protein"
Q8N8E3,Centrosomal protein of 112 kDa,"Centrosomal protein of 112 kDa, Cep112, Coiled-coil domain-containing protein 46"
Q8TD10,Mirror-image polydactyly gene 1 protein,"Mirror-image polydactyly gene 1 protein, Coiled-coil domain-containing protein 46"
Q92995,Ubiquitin carboxyl-terminal hydrolase 13,"Ubiquitin carboxyl-terminal hydrolase 13, EC 3.4.19.12, Deubiquitinating enzyme 13, Isopeptidase T-3, ISOT-3, Ubiquitin thioesterase 13, Ubiquitin-specific-processing protease 13"
Q96CN9,GRIP and coiled-coil domain-containing protein 1,"GRIP and coiled-coil domain-containing protein 1, Golgi coiled-coil protein 1"
Q96N16,Janus kinase and microtubule-interacting protein 1,"Janus kinase and microtubule-interacting protein 1, GABA-B receptor-binding protein, Multiple alpha-helices and RNA-linker protein 1, Marlin-1"
Q96SN8,CDK5 regulatory subunit-associated protein 2,"CDK5 regulatory subunit-associated protein 2, CDK5 activator-binding protein C48, Centrosome-associated protein 215"
Q99996,A-kinase anchor protein 9,"A-kinase anchor protein 9, AKAP-9, A-kinase anchor protein 350 kDa, AKAP 350, hgAKAP 350, A-kinase anchor protein 450 kDa, AKAP 450, AKAP 120-like protein, Centrosome- and Golgi-localized PKN-associated protein, CG-NAP, Protein hyperion, Protein kinase A-anchoring protein 9, PRKA9, Protein yotiao"
Q9BQQ3,Golgi reassembly-stacking protein 1,"Golgi reassembly-stacking protein 1, Golgi peripheral membrane protein p65, Golgi phosphoprotein 5, GOLPH5, Golgi reassembly-stacking protein of 65 kDa, GRASP65"
Q9BQS8,FYVE and coiled-coil domain-containing protein 1,"FYVE and coiled-coil domain-containing protein 1, Zinc finger FYVE domain-containing protein 7"
Q9BV19,Uncharacterized protein C1orf50,"Uncharacterized protein C1orf50, Zinc finger FYVE domain-containing protein 7"
Q9BV73,Centrosome-associated protein CEP250,"Centrosome-associated protein CEP250, 250 kDa centrosomal protein, Cep250, Centrosomal Nek2-associated protein 1, C-Nap1, Centrosomal protein 2"
Q9UHD2,Serine/threonine-protein kinase TBK1,"Serine/threonine-protein kinase TBK1, EC 2.7.11.1, NF-kappa-B-activating kinase, T2K, TANK-binding kinase 1"
Q9UJC3,Protein Hook homolog 1,"Protein Hook homolog 1, h-hook1, hHK1, NF-kappa-B-activating kinase, T2K, TANK-binding kinase 1"
Q9Y2I6,Ninein-like protein,"Ninein-like protein, NF-kappa-B-activating kinase, T2K, TANK-binding kinase 1"
P06280,Alpha-galactosidase A,"Alpha-galactosidase A, EC 3.2.1.22, Alpha-D-galactosidase A, Alpha-D-galactoside galactohydrolase, Galactosylgalactosylglucosylceramidase GLA, Melibiase"
P12268,Inosine-5'-monophosphate dehydrogenase 2,"""Inosine-5-monophosphate dehydrogenase 2"", IMP dehydrogenase 2, EC 1.1.1.205, IMPDH-II"
Q9NXA8,"NAD-dependent protein deacylase sirtuin-5, mitochondrial","NAD-dependent protein deacylase sirtuin-5, mitochondrial, EC 2.3.1.-, Regulatory protein SIR2 homolog 5, SIR2-like protein 5"
P61970,Nuclear transport factor 2,"Nuclear transport factor 2, NTF-2, Placental protein 15, PP15"
P62330,ADP-ribosylation factor 6,"ADP-ribosylation factor 6, Placental protein 15, PP15"
Q9H4P4,E3 ubiquitin-protein ligase NRDP1,"E3 ubiquitin-protein ligase NRDP1, EC 2.3.2.27, RING finger protein 41, RING-type E3 ubiquitin transferase NRDP1"
O14975,Very long-chain acyl-CoA synthetase,"Very long-chain acyl-CoA synthetase, VLACS, EC 6.2.1.-, Arachidonate--CoA ligase, Fatty acid transport protein 2, FATP-2, Fatty-acid-coenzyme A ligase, very long-chain 1, Long-chain-fatty-acid--CoA ligase, Phytanate--CoA ligase, Solute carrier family 27 member 2, THCA-CoA ligase, Very long-chain-fatty-acid-CoA ligase"
O60573,Eukaryotic translation initiation factor 4E type 2,"Eukaryotic translation initiation factor 4E type 2, eIF-4E type 2, Eukaryotic translation initiation factor 4E homologous protein, Eukaryotic translation initiation factor 4E-like 3, eIF4E-like protein 4E-LP, mRNA cap-binding protein 4EHP, h4EHP, mRNA cap-binding protein type 3"
P16435,NADPH--cytochrome P450 reductase,"NADPH--cytochrome P450 reductase, CPR, EC 1.6.2.4, Eukaryotic translation initiation factor 4E homologous protein, Eukaryotic translation initiation factor 4E-like 3, eIF4E-like protein 4E-LP, mRNA cap-binding protein 4EHP, h4EHP, mRNA cap-binding protein type 3"
P52306,Rap1 GTPase-GDP dissociation stimulator 1,"Rap1 GTPase-GDP dissociation stimulator 1, Exchange factor smgGDS, SMG GDS protein, SMG P21 stimulatory GDP/GTP exchange protein"
Q2M389,WASH complex subunit 4,"WASH complex subunit 4, Strumpellin and WASH-interacting protein, SWIP, WASH complex subunit SWIP"
Q5T1M5,FK506-binding protein 15,"FK506-binding protein 15, FKBP-15, 133 kDa FK506-binding protein, 133 kDa FKBP, FKBP-133, WASP- and FKBP-like protein, WAFL"
Q6Y7W6,GRB10-interacting GYF protein 2,"GRB10-interacting GYF protein 2, PERQ amino acid-rich with GYF domain-containing protein 2, Trinucleotide repeat-containing gene 15 protein"
P14735,Insulin-degrading enzyme,"Insulin-degrading enzyme, EC 3.4.24.56, Abeta-degrading protease, Insulin protease, Insulinase, Insulysin"
P62072,Mitochondrial import inner membrane translocase subunit Tim10,"Mitochondrial import inner membrane translocase subunit Tim10, Abeta-degrading protease, Insulin protease, Insulinase, Insulysin"
Q2TAA5,"GDP-Man:Man(3)GlcNAc(2)-PP-Dol alpha-1,2-mannosyltransferase","GDP-Man:Man(3)GlcNAc(2)-PP-Dol alpha-1,2-mannosyltransferase, EC 2.4.1.131, Asparagine-linked glycosylation protein 11 homolog, Glycolipid 2-alpha-mannosyltransferase"
Q8TEM1,Nuclear pore membrane glycoprotein 210,"Nuclear pore membrane glycoprotein 210, Nuclear pore protein gp210, Nuclear envelope pore membrane protein POM 210, POM210, Nucleoporin Nup210, Pore membrane protein of 210 kDa"
Q9BSF4,Mitochondrial import inner membrane translocase subunit Tim29,"Mitochondrial import inner membrane translocase subunit Tim29, TIM29, Nuclear envelope pore membrane protein POM 210, POM210, Nucleoporin Nup210, Pore membrane protein of 210 kDa"
Q9NVH1,DnaJ homolog subfamily C member 11,"DnaJ homolog subfamily C member 11, Nuclear envelope pore membrane protein POM 210, POM210, Nucleoporin Nup210, Pore membrane protein of 210 kDa"
Q9Y5J6,Mitochondrial import inner membrane translocase subunit Tim10 B,"Mitochondrial import inner membrane translocase subunit Tim10 B, Fracture callus protein 1, FxC1, Mitochondrial import inner membrane translocase subunit Tim9 B, TIMM10B, Tim10b"
Q9Y5J7,Mitochondrial import inner membrane translocase subunit Tim9,"Mitochondrial import inner membrane translocase subunit Tim9, Fracture callus protein 1, FxC1, Mitochondrial import inner membrane translocase subunit Tim9 B, TIMM10B, Tim10b"
Q92769,Histone deacetylase 2,"Histone deacetylase 2, HD2, EC 3.5.1.98, Fracture callus protein 1, FxC1, Mitochondrial import inner membrane translocase subunit Tim9 B, TIMM10B, Tim10b"
P07203,Glutathione peroxidase 1,"Glutathione peroxidase 1, GPx-1, EC 1.11.1.9, Cellular glutathione peroxidase"
Q9NXH9,tRNA (guanine(26)-N(2))-dimethyltransferase,"tRNA (guanine(26)-N(2))-dimethyltransferase, EC 2.1.1.216, tRNA 2,2-dimethylguanosine-26 methyltransferase, tRNA(guanine-26,N(2)-N(2)) methyltransferase, tRNA(m(2,2)G26)dimethyltransferase"
O75964,"ATP synthase subunit g, mitochondrial","ATP synthase subunit g, mitochondrial, ATPase subunit g, ATP synthase membrane subunit g"
Q15904,V-type proton ATPase subunit S1,"V-type proton ATPase subunit S1, V-ATPase subunit S1, Protein XAP-3, V-ATPase Ac45 subunit, V-ATPase S1 accessory protein, Vacuolar proton pump subunit S1"
Q99720,Sigma non-opioid intracellular receptor 1,"Sigma non-opioid intracellular receptor 1, Aging-associated gene 8 protein, SR31747-binding protein, SR-BP, Sigma 1-type opioid receptor, SIG-1R, Sigma1-receptor, Sigma1R, hSigmaR1"
Q9H7F0,Probable cation-transporting ATPase 13A3,"Probable cation-transporting ATPase 13A3, EC 7.2.2.-, ATPase family homolog up-regulated in senescence cells 1"
O00116,"Alkyldihydroxyacetonephosphate synthase, peroxisomal","Alkyldihydroxyacetonephosphate synthase, peroxisomal, Alkyl-DHAP synthase, EC 2.5.1.26, Aging-associated gene 5 protein, Alkylglycerone-phosphate synthase"
O43169,Cytochrome b5 type B,"Cytochrome b5 type B, Cytochrome b5 outer mitochondrial membrane isoform"
O95573,Long-chain-fatty-acid--CoA ligase 3,"Long-chain-fatty-acid--CoA ligase 3, EC 6.2.1.3, Arachidonate--CoA ligase, Long-chain acyl-CoA synthetase 3, LACS 3"
P00387,NADH-cytochrome b5 reductase 3,"NADH-cytochrome b5 reductase 3, B5R, Cytochrome b5 reductase, EC 1.6.2.2, Diaphorase-1"
P11233,Ras-related protein Ral-A,"Ras-related protein Ral-A, EC 3.6.5.2, Diaphorase-1"
P21964,Catechol O-methyltransferase,"Catechol O-methyltransferase, EC 2.1.1.6, Diaphorase-1"
P51148,Ras-related protein Rab-5C,"Ras-related protein Rab-5C, L1880, RAB5L"
P51149,Ras-related protein Rab-7a,"Ras-related protein Rab-7a, L1880, RAB5L"
P61006,Ras-related protein Rab-8A,"Ras-related protein Rab-8A, Oncogene c-mel"
P61019,Ras-related protein Rab-2A,"Ras-related protein Rab-2A, Oncogene c-mel"
P61026,Ras-related protein Rab-10,"Ras-related protein Rab-10, EC 3.6.5.2, Oncogene c-mel"
P61106,Ras-related protein Rab-14,"Ras-related protein Rab-14, Oncogene c-mel"
P61586,Transforming protein RhoA,"Transforming protein RhoA, EC 3.6.5.2, Rho cDNA clone 12, h12"
P62820,Ras-related protein Rab-1A,"Ras-related protein Rab-1A, YPT1-related protein"
P62873,Guanine nucleotide-binding protein G(I)/G(S)/G(T) subunit beta-1,"Guanine nucleotide-binding protein G(I)/G(S)/G(T) subunit beta-1, Transducin beta chain 1"
P63218,Guanine nucleotide-binding protein G(I)/G(S)/G(O) subunit gamma-5,"Guanine nucleotide-binding protein G(I)/G(S)/G(O) subunit gamma-5, Transducin beta chain 1"
Q12907,Vesicular integral-membrane protein VIP36,"Vesicular integral-membrane protein VIP36, Glycoprotein GP36b, Lectin mannose-binding 2, Vesicular integral-membrane protein 36, VIP36"
Q13724,Mannosyl-oligosaccharide glucosidase,"Mannosyl-oligosaccharide glucosidase, EC 3.2.1.106, Processing A-glucosidase I"
Q5JTV8,Torsin-1A-interacting protein 1,"Torsin-1A-interacting protein 1, Lamin-associated protein 1B, LAP1B"
Q5VT66,Mitochondrial amidoxime-reducing component 1,"Mitochondrial amidoxime-reducing component 1, mARC1, EC 1.7.-.-, Molybdenum cofactor sulfurase C-terminal domain-containing protein 1, MOSC domain-containing protein 1, Moco sulfurase C-terminal domain-containing protein 1"
Q6ZRP7,Sulfhydryl oxidase 2,"Sulfhydryl oxidase 2, EC 1.8.3.2, Neuroblastoma-derived sulfhydryl oxidase, Quiescin Q6-like protein 1"
Q7LGA3,Heparan sulfate 2-O-sulfotransferase 1,"Heparan sulfate 2-O-sulfotransferase 1, 2-O-sulfotransferase, 2OST, EC 2.8.2.-, Neuroblastoma-derived sulfhydryl oxidase, Quiescin Q6-like protein 1"
Q8N183,NADH dehydrogenase [ubiquinone] 1 alpha subcomplex assembly factor 2,"NADH dehydrogenase ubiquinone 1 alpha subcomplex assembly factor 2, B17.2-like, B17.2L, Mimitin, Myc-induced mitochondrial protein, MMTN, NDUFA12-like protein"
Q8NBX0,Saccharopine dehydrogenase-like oxidoreductase,"Saccharopine dehydrogenase-like oxidoreductase, EC 1.-.-.-, B17.2-like, B17.2L, Mimitin, Myc-induced mitochondrial protein, MMTN, NDUFA12-like protein"
Q8WTV0,Scavenger receptor class B member 1,"Scavenger receptor class B member 1, SRB1, CD36 and LIMPII analogous 1, CLA-1, CD36 antigen-like 1, Collagen type I receptor, thrombospondin receptor-like 1, SR-BI"
Q8WUY8,N-acetyltransferase 14,"N-acetyltransferase 14, EC 2.3.1.-, K562 cell-derived leucine-zipper-like protein 1"
Q8WVC6,Dephospho-CoA kinase domain-containing protein,"Dephospho-CoA kinase domain-containing protein, K562 cell-derived leucine-zipper-like protein 1"
Q96A26,Protein FAM162A,"Protein FAM162A, E2-induced gene 5 protein, Growth and transformation-dependent protein, HGTD-P"
Q96DA6,Mitochondrial import inner membrane translocase subunit TIM14,"Mitochondrial import inner membrane translocase subunit TIM14, DnaJ homolog subfamily C member 19"
Q9BQE4,Selenoprotein S,"Selenoprotein S, SelS, VCP-interacting membrane protein"
Q9H7Z7,Prostaglandin E synthase 2,"Prostaglandin E synthase 2, EC 5.3.99.3, Membrane-associated prostaglandin E synthase-2, mPGE synthase-2, Microsomal prostaglandin E synthase 2, mPGES-2, Prostaglandin-H(2) E-isomerase"
Q9NP72,Ras-related protein Rab-18,"Ras-related protein Rab-18, Membrane-associated prostaglandin E synthase-2, mPGE synthase-2, Microsomal prostaglandin E synthase 2, mPGES-2, Prostaglandin-H(2) E-isomerase"
O00566,U3 small nucleolar ribonucleoprotein protein MPP10,"U3 small nucleolar ribonucleoprotein protein MPP10, M phase phosphoprotein 10"
O76094,Signal recognition particle subunit SRP72,"Signal recognition particle subunit SRP72, SRP72, Signal recognition particle 72 kDa protein"
O95260,Arginyl-tRNA--protein transferase 1,"Arginyl-tRNA--protein transferase 1, Arginyltransferase 1, R-transferase 1, EC 2.3.2.8, Arginine-tRNA--protein transferase 1"
O96028,Histone-lysine N-methyltransferase NSD2,"Histone-lysine N-methyltransferase NSD2, EC 2.1.1.357, Multiple myeloma SET domain-containing protein, MMSET, Nuclear SET domain-containing protein 2, Protein trithorax-5, Wolf-Hirschhorn syndrome candidate 1 protein"
P09132,Signal recognition particle 19 kDa protein,"Signal recognition particle 19 kDa protein, SRP19, Multiple myeloma SET domain-containing protein, MMSET, Nuclear SET domain-containing protein 2, Protein trithorax-5, Wolf-Hirschhorn syndrome candidate 1 protein"
P61011,Signal recognition particle 54 kDa protein,"Signal recognition particle 54 kDa protein, SRP54, EC 3.6.5.-, Multiple myeloma SET domain-containing protein, MMSET, Nuclear SET domain-containing protein 2, Protein trithorax-5, Wolf-Hirschhorn syndrome candidate 1 protein"
P82663,"28S ribosomal protein S25, mitochondrial","28S ribosomal protein S25, mitochondrial, MRP-S25, S25mt, Mitochondrial small ribosomal subunit protein mS25"
Q13206,Probable ATP-dependent RNA helicase DDX10,"Probable ATP-dependent RNA helicase DDX10, EC 3.6.4.13, DEAD box protein 10"
Q4G0J3,La-related protein 7,"La-related protein 7, La ribonucleoprotein domain family member 7, hLARP7, P-TEFb-interaction protein for 7SK stability, PIP7S"
Q7L2J0,7SK snRNA methylphosphate capping enzyme,"7SK snRNA methylphosphate capping enzyme, MePCE, EC 2.1.1.-, Bicoid-interacting protein 3 homolog, Bin3 homolog"
Q8NEJ9,Neuroguidin,"Neuroguidin, Centromere accumulated nuclear protein 1, CANu1, EIF4E-binding protein"
Q96B26,Exosome complex component RRP43,"Exosome complex component RRP43, Exosome component 8, Opa-interacting protein 2, OIP-2, Ribosomal RNA-processing protein 43, p9"
Q96I59,"Probable asparagine--tRNA ligase, mitochondrial","Probable asparagine--tRNA ligase, mitochondrial, EC 6.1.1.22, Asparaginyl-tRNA synthetase, AsnRS"
Q9BSC4,Nucleolar protein 10,"Nucleolar protein 10, Asparaginyl-tRNA synthetase, AsnRS"
Q9H6F5,Coiled-coil domain-containing protein 86,"Coiled-coil domain-containing protein 86, Cytokine-induced protein with coiled-coil domain"
Q9HD40,O-phosphoseryl-tRNA(Sec) selenium transferase,"O-phosphoseryl-tRNA(Sec) selenium transferase, EC 2.9.1.2, Liver-pancreas antigen, LP, SLA-p35, SLA/LP autoantigen, Selenocysteine synthase, Sec synthase, Selenocysteinyl-tRNA(Sec) synthase, Sep-tRNA:Sec-tRNA synthase, SepSecS, Soluble liver antigen, SLA, UGA suppressor tRNA-associated protein, tRNA(Ser/Sec)-associated antigenic protein"
Q9NQT4,Exosome complex component RRP46,"Exosome complex component RRP46, Chronic myelogenous leukemia tumor antigen 28, Exosome component 5, Ribosomal RNA-processing protein 46, p12B"
Q9NQT5,Exosome complex component RRP40,"Exosome complex component RRP40, Exosome component 3, Ribosomal RNA-processing protein 40, p10"
Q9NY61,Protein AATF,"Protein AATF, Apoptosis-antagonizing transcription factor, Rb-binding protein Che-1"
Q9ULT8,E3 ubiquitin-protein ligase HECTD1,"E3 ubiquitin-protein ligase HECTD1, EC 2.3.2.26, E3 ligase for inhibin receptor, EULIR, HECT domain-containing protein 1, HECT-type E3 ubiquitin transferase HECTD1"
Q9Y399,"28S ribosomal protein S2, mitochondrial","28S ribosomal protein S2, mitochondrial, MRP-S2, S2mt, Mitochondrial small ribosomal subunit protein uS2m"
P82675,"28S ribosomal protein S5, mitochondrial","28S ribosomal protein S5, mitochondrial, MRP-S5, S5mt, Mitochondrial small ribosomal subunit protein uS5m"
Q13868,Exosome complex component RRP4,"Exosome complex component RRP4, Exosome component 2, Ribosomal RNA-processing protein 4"
Q92552,"28S ribosomal protein S27, mitochondrial","28S ribosomal protein S27, mitochondrial, MRP-S27, S27mt, Mitochondrial ribosomal protein S27, Mitochondrial small ribosomal subunit protein mS27"
P13984,General transcription factor IIF subunit 2,"General transcription factor IIF subunit 2, EC 3.6.4.12, ATP-dependent helicase GTF2F2, General transcription factor IIF 30 kDa subunit, Transcription initiation factor IIF subunit beta, TFIIF-beta, Transcription initiation factor RAP30"
P35555,Fibrillin-1,"Fibrillin-1, ATP-dependent helicase GTF2F2, General transcription factor IIF 30 kDa subunit, Transcription initiation factor IIF subunit beta, TFIIF-beta, Transcription initiation factor RAP30"
P35556,Fibrillin-2,"Fibrillin-2, ATP-dependent helicase GTF2F2, General transcription factor IIF 30 kDa subunit, Transcription initiation factor IIF subunit beta, TFIIF-beta, Transcription initiation factor RAP30"
P35658,Nuclear pore complex protein Nup214,"Nuclear pore complex protein Nup214, 214 kDa nucleoporin, Nucleoporin Nup214, Protein CAN"
P37198,Nuclear pore glycoprotein p62,"Nuclear pore glycoprotein p62, 62 kDa nucleoporin, Nucleoporin Nup62"
P61962,DDB1- and CUL4-associated factor 7,"DDB1- and CUL4-associated factor 7, WD repeat-containing protein 68, WD repeat-containing protein An11 homolog"
Q15056,Eukaryotic translation initiation factor 4H,"Eukaryotic translation initiation factor 4H, eIF-4H, Williams-Beuren syndrome chromosomal region 1 protein"
Q7Z3B4,Nucleoporin p54,"Nucleoporin p54, 54 kDa nucleoporin"
Q86YT6,E3 ubiquitin-protein ligase MIB1,"E3 ubiquitin-protein ligase MIB1, EC 2.3.2.27, DAPK-interacting protein 1, DIP-1, Mind bomb homolog 1, RING-type E3 ubiquitin transferase MIB1, Zinc finger ZZ type with ankyrin repeat domain protein 2"
Q8N0X7,Spartin,"Spartin, Spastic paraplegia 20 protein, Trans-activated by hepatitis C virus core protein 1"
Q8TD19,Serine/threonine-protein kinase Nek9,"Serine/threonine-protein kinase Nek9, EC 2.7.11.1, Nercc1 kinase, Never in mitosis A-related kinase 9, NimA-related protein kinase 9, NimA-related kinase 8, Nek8"
Q96F45,Zinc finger protein 503,"Zinc finger protein 503, Nercc1 kinase, Never in mitosis A-related kinase 9, NimA-related protein kinase 9, NimA-related kinase 8, Nek8"
Q99567,Nuclear pore complex protein Nup88,"Nuclear pore complex protein Nup88, 88 kDa nucleoporin, Nucleoporin Nup88"
Q9BVL2,Nucleoporin p58/p45,"Nucleoporin p58/p45, 58 kDa nucleoporin, Nucleoporin-like protein 1"
Q9NZL9,Methionine adenosyltransferase 2 subunit beta,"Methionine adenosyltransferase 2 subunit beta, Methionine adenosyltransferase II beta, MAT II beta, Putative dTDP-4-keto-6-deoxy-D-glucose 4-reductase"
Q9UBX5,Fibulin-5,"Fibulin-5, FIBL-5, Developmental arteries and neural crest EGF-like protein, Dance, Urine p50 protein, UP50"
P50897,Palmitoyl-protein thioesterase 1,"Palmitoyl-protein thioesterase 1, PPT-1, EC 3.1.2.22, Palmitoyl-protein hydrolase 1"
Q13617,Cullin-2,"Cullin-2, CUL-2, Palmitoyl-protein hydrolase 1"
Q3KQU3,MAP7 domain-containing protein 1,"MAP7 domain-containing protein 1, Arginine/proline-rich coiled-coil domain-containing protein 1, Proline/arginine-rich coiled-coil domain-containing protein 1"
Q9BU02,Thiamine-triphosphatase,"Thiamine-triphosphatase, ThTPase, EC 3.6.1.28, Arginine/proline-rich coiled-coil domain-containing protein 1, Proline/arginine-rich coiled-coil domain-containing protein 1"
Q9C0D3,Protein zyg-11 homolog B,"Protein zyg-11 homolog B, Arginine/proline-rich coiled-coil domain-containing protein 1, Proline/arginine-rich coiled-coil domain-containing protein 1"
Q9Y5J9,Mitochondrial import inner membrane translocase subunit Tim8 B,"Mitochondrial import inner membrane translocase subunit Tim8 B, DDP-like protein, Deafness dystonia protein 2"
P62877,E3 ubiquitin-protein ligase RBX1,"E3 ubiquitin-protein ligase RBX1, EC 2.3.2.27, EC 2.3.2.32, E3 ubiquitin-protein transferase RBX1, Protein ZYP, RING finger protein 75, RING-box protein 1, Rbx1, Regulator of cullins 1, ROC1"
Q15369,Elongin-C,"Elongin-C, EloC, Elongin 15 kDa subunit, RNA polymerase II transcription factor SIII subunit C, SIII p15, Transcription elongation factor B polypeptide 1"
Q15370,Elongin-B,"Elongin-B, EloB, Elongin 18 kDa subunit, RNA polymerase II transcription factor SIII subunit B, SIII p18, Transcription elongation factor B polypeptide 2"
P09601,Heme oxygenase 1,"Heme oxygenase 1, HO-1, EC 1.14.14.18, Elongin 18 kDa subunit, RNA polymerase II transcription factor SIII subunit B, SIII p18, Transcription elongation factor B polypeptide 2"
Q8IWR1,Tripartite motif-containing protein 59,"Tripartite motif-containing protein 59, RING finger protein 104, Tumor suppressor TSBF-1"
Q8N6S5,ADP-ribosylation factor-like protein 6-interacting protein 6,"ADP-ribosylation factor-like protein 6-interacting protein 6, ARL-6-interacting protein 6, Aip-6, Phosphonoformate immuno-associated protein 1"
Q96JC1,Vam6/Vps39-like protein,"Vam6/Vps39-like protein, TRAP1-like protein, hVam6p"
Q96S66,Chloride channel CLIC-like protein 1,"Chloride channel CLIC-like protein 1, Mid-1-related chloride channel protein 1"
Q9H270,Vacuolar protein sorting-associated protein 11 homolog,"Vacuolar protein sorting-associated protein 11 homolog, hVPS11, RING finger protein 108"
Q9UH99,SUN domain-containing protein 2,"SUN domain-containing protein 2, Protein unc-84 homolog B, Rab5-interacting protein, Rab5IP, Sad1/unc-84 protein-like 2"
Q9Y673,Dolichyl-phosphate beta-glucosyltransferase,"Dolichyl-phosphate beta-glucosyltransferase, DolP-glucosyltransferase, EC 2.4.1.117, Asparagine-linked glycosylation protein 5 homolog"
Q9UJZ1,"Stomatin-like protein 2, mitochondrial","Stomatin-like protein 2, mitochondrial, SLP-2, EPB72-like protein 2, Paraprotein target 7, Paratarg-7"
P52948,Nuclear pore complex protein Nup98-Nup96,"Nuclear pore complex protein Nup98-Nup96, EC 3.4.21.-, EPB72-like protein 2, Paraprotein target 7, Paratarg-7"
P78406,mRNA export factor,"mRNA export factor, Rae1 protein homolog, mRNA-associated protein mrnp 41"
Q9NZJ7,Mitochondrial carrier homolog 1,"Mitochondrial carrier homolog 1, Presenilin-associated protein"
Q7Z4Q2,HEAT repeat-containing protein 3,"HEAT repeat-containing protein 3, Presenilin-associated protein"
Q9NU22,Midasin,"Midasin, Dynein-related AAA-ATPase MDN1, MIDAS-containing protein"
O00469,"Procollagen-lysine,2-oxoglutarate 5-dioxygenase 2","Procollagen-lysine,2-oxoglutarate 5-dioxygenase 2, EC 1.14.11.4, Lysyl hydroxylase 2, LH2"
O14656,Torsin-1A,"Torsin-1A, Dystonia 1 protein, Torsin ATPase-1A, Torsin family 1 member A"
O76061,Stanniocalcin-2,"Stanniocalcin-2, STC-2, Stanniocalcin-related protein, STC-related protein, STCRP"
P00750,Tissue-type plasminogen activator,"Tissue-type plasminogen activator, t-PA, t-plasminogen activator, tPA, EC 3.4.21.68, Stanniocalcin-related protein, STC-related protein, STCRP"
P05556,Integrin beta-1,"Integrin beta-1, Fibronectin receptor subunit beta, Glycoprotein IIa, GPIIA, VLA-4 subunit beta"
P0C7P0,"CDGSH iron-sulfur domain-containing protein 3, mitochondrial","CDGSH iron-sulfur domain-containing protein 3, mitochondrial, MitoNEET-related protein 2, Miner2, Mitochondrial inner NEET protein, MiNT"
P12109,Collagen alpha-1(VI) chain,"Collagen alpha-1(VI) chain, MitoNEET-related protein 2, Miner2, Mitochondrial inner NEET protein, MiNT"
P15151,Poliovirus receptor,"Poliovirus receptor, Nectin-like protein 5, NECL-5"
P26358,DNA (cytosine-5)-methyltransferase 1,"DNA (cytosine-5)-methyltransferase 1, Dnmt1, EC 2.1.1.37, CXXC-type zinc finger protein 9, DNA methyltransferase HsaI, DNA MTase HsaI, M.HsaI, MCMT"
P28300,Protein-lysine 6-oxidase,"Protein-lysine 6-oxidase, EC 1.4.3.13, Lysyl oxidase"
P29122,Proprotein convertase subtilisin/kexin type 6,"Proprotein convertase subtilisin/kexin type 6, EC 3.4.21.-, Paired basic amino acid cleaving enzyme 4, Subtilisin-like proprotein convertase 4, SPC4, Subtilisin/kexin-like protease PACE4"
P58166,Inhibin beta E chain,"Inhibin beta E chain, Activin beta-E chain"
P61916,NPC intracellular cholesterol transporter 2,"NPC intracellular cholesterol transporter 2, Epididymal secretory protein E1, Human epididymis-specific protein 1, He1, Niemann-Pick disease type C2 protein"
Q08431,Lactadherin,"Lactadherin, Breast epithelial antigen BA46, HMFG, MFGM, Milk fat globule-EGF factor 8, MFG-E8, SED1"
Q13438,Protein OS-9,"Protein OS-9, Amplified in osteosarcoma 9"
Q15818,Neuronal pentraxin-1,"Neuronal pentraxin-1, NP1, Neuronal pentraxin I, NP-I"
Q6UW63,Protein O-glucosyltransferase 2,"Protein O-glucosyltransferase 2, EC 2.4.1.-, Endoplasmic reticulum resident protein 58, ER protein 58, ERp58, KDEL motif-containing protein 1, Protein O-xylosyltransferase POGLUT2"
Q7Z4H8,Protein O-glucosyltransferase 3,"Protein O-glucosyltransferase 3, EC 2.4.1.-, KDEL motif-containing protein 2, Protein O-xylosyltransferase POGLUT3"
Q86YB8,ERO1-like protein beta,"ERO1-like protein beta, ERO1-L-beta, EC 1.8.4.-, Endoplasmic reticulum oxidoreductase beta, Endoplasmic reticulum oxidoreductin-1-like protein B, Oxidoreductin-1-L-beta"
Q8IV08,5'-3' exonuclease PLD3,"""5-3 exonuclease PLD3"", EC 3.1.16.1, Choline phosphatase 3, HindIII K4L homolog, Hu-K4, Phosphatidylcholine-hydrolyzing phospholipase D3, Phospholipase D3, PLD 3"
Q8IWF2,FAD-dependent oxidoreductase domain-containing protein 2,"FAD-dependent oxidoreductase domain-containing protein 2, Endoplasmic reticulum flavoprotein associated with degradation"
Q8IZ52,Chondroitin sulfate synthase 2,"Chondroitin sulfate synthase 2, EC 2.4.1.175, EC 2.4.1.226, Chondroitin glucuronyltransferase 2, Chondroitin-polymerizing factor, ChPF, Glucuronosyl-N-acetylgalactosaminyl-proteoglycan 4-beta-N-acetylgalactosaminyltransferase II, N-acetylgalactosaminyl-proteoglycan 3-beta-glucuronosyltransferase II, N-acetylgalactosaminyltransferase 2"
Q8N0Z8,tRNA pseudouridine synthase-like 1,"tRNA pseudouridine synthase-like 1, EC 5.4.99.-, tRNA pseudouridylate synthase-like 1, tRNA-uridine isomerase-like 1"
Q8N766,ER membrane protein complex subunit 1,"ER membrane protein complex subunit 1, tRNA pseudouridylate synthase-like 1, tRNA-uridine isomerase-like 1"
Q92820,Gamma-glutamyl hydrolase,"Gamma-glutamyl hydrolase, EC 3.4.19.9, Conjugase, GH, Gamma-Glu-X carboxypeptidase"
Q96DZ1,Endoplasmic reticulum lectin 1,"Endoplasmic reticulum lectin 1, ER lectin, Erlectin, XTP3-transactivated gene B protein"
Q96F46,Interleukin-17 receptor A,"Interleukin-17 receptor A, IL-17 receptor A, IL-17RA, CDw217"
Q96IV0,Peptide-N(4)-(N-acetyl-beta-glucosaminyl)asparagine amidase,"Peptide-N(4)-(N-acetyl-beta-glucosaminyl)asparagine amidase, PNGase, hPNGase, EC 3.5.1.52, N-glycanase 1, Peptide:N-glycanase"
Q96MM7,Heparan-sulfate 6-O-sulfotransferase 2,"Heparan-sulfate 6-O-sulfotransferase 2, HS6ST-2, EC 2.8.2.-, N-glycanase 1, Peptide:N-glycanase"
Q99470,Stromal cell-derived factor 2,"Stromal cell-derived factor 2, SDF-2, N-glycanase 1, Peptide:N-glycanase"
Q99519,Sialidase-1,"Sialidase-1, EC 3.2.1.18, Acetylneuraminyl hydrolase, G9 sialidase, Lysosomal sialidase, N-acetyl-alpha-neuraminidase 1"
Q99988,Growth/differentiation factor 15,"Growth/differentiation factor 15, GDF-15, Macrophage inhibitory cytokine 1, MIC-1, NSAID-activated gene 1 protein, NAG-1, NSAID-regulated gene 1 protein, NRG-1, Placental TGF-beta, Placental bone morphogenetic protein, Prostate differentiation factor"
Q9BRN9,TM2 domain-containing protein 3,"TM2 domain-containing protein 3, Beta-amyloid-binding protein-like protein 2, BBP-like protein 2"
Q9BS26,Endoplasmic reticulum resident protein 44,"Endoplasmic reticulum resident protein 44, ER protein 44, ERp44, Thioredoxin domain-containing protein 4"
Q9BZQ6,ER degradation-enhancing alpha-mannosidase-like protein 3,"ER degradation-enhancing alpha-mannosidase-like protein 3, EC 3.2.1.113, Alpha-1,2-mannosidase EDEM3"
Q9H173,Nucleotide exchange factor SIL1,"Nucleotide exchange factor SIL1, BiP-associated protein, BAP"
Q9H488,GDP-fucose protein O-fucosyltransferase 1,"GDP-fucose protein O-fucosyltransferase 1, EC 2.4.1.221, Peptide-O-fucosyltransferase 1, O-FucT-1"
Q9H4F8,SPARC-related modular calcium-binding protein 1,"SPARC-related modular calcium-binding protein 1, Secreted modular calcium-binding protein 1, SMOC-1"
Q9H8W4,Pleckstrin homology domain-containing family F member 2,"Pleckstrin homology domain-containing family F member 2, PH domain-containing family F member 2, Endoplasmic reticulum-associated apoptosis-involved protein containing PH and FYVE domains, EAPF, PH and FYVE domain-containing protein 2, Phafin-2, Phafin2, Zinc finger FYVE domain-containing protein 18"
Q9NXK8,F-box/LRR-repeat protein 12,"F-box/LRR-repeat protein 12, F-box and leucine-rich repeat protein 12, F-box protein FBL12"
Q9NYU1,UDP-glucose:glycoprotein glucosyltransferase 2,"UDP-glucose:glycoprotein glucosyltransferase 2, UGT2, hUGT2, EC 2.4.1.-, UDP--Glc:glycoprotein glucosyltransferase 2, UDP-glucose ceramide glucosyltransferase-like 1"
Q9P2E5,Chondroitin sulfate glucuronyltransferase,"Chondroitin sulfate glucuronyltransferase, EC 2.4.1.226, CSGlcA-T, Chondroitin glucuronyltransferase, Chondroitin polymerizing factor 2, ChPF-2, Chondroitin synthase 3, ChSy-3, N-acetylgalactosaminyl-proteoglycan 3-beta-glucuronosyltransferase"
Q9UHI8,A disintegrin and metalloproteinase with thrombospondin motifs 1,"A disintegrin and metalloproteinase with thrombospondin motifs 1, ADAM-TS 1, ADAM-TS1, ADAMTS-1, EC 3.4.24.-, METH-1"
Q9Y4L1,Hypoxia up-regulated protein 1,"Hypoxia up-regulated protein 1, 150 kDa oxygen-regulated protein, ORP-150, 170 kDa glucose-regulated protein, GRP-170"
Q9Y680,Peptidyl-prolyl cis-trans isomerase FKBP7,"Peptidyl-prolyl cis-trans isomerase FKBP7, PPIase FKBP7, EC 5.2.1.8, 23 kDa FK506-binding protein, 23 kDa FKBP, FKBP-23, FK506-binding protein 7, FKBP-7, Rotamase"
Q13443,Disintegrin and metalloproteinase domain-containing protein 9,"Disintegrin and metalloproteinase domain-containing protein 9, ADAM 9, EC 3.4.24.-, Cellular disintegrin-related protein, Meltrin-gamma, Metalloprotease/disintegrin/cysteine-rich protein 9, Myeloma cell metalloproteinase"
Q96AY3,Peptidyl-prolyl cis-trans isomerase FKBP10,"Peptidyl-prolyl cis-trans isomerase FKBP10, PPIase FKBP10, EC 5.2.1.8, 65 kDa FK506-binding protein, 65 kDa FKBP, FKBP-65, FK506-binding protein 10, FKBP-10, Immunophilin FKBP65, Rotamase"
O14745,Na(+)/H(+) exchange regulatory cofactor NHE-RF1,"Na(+)/H(+) exchange regulatory cofactor NHE-RF1, NHERF-1, Ezrin-radixin-moesin-binding phosphoprotein 50, EBP50, Regulatory cofactor of Na(+)/H(+) exchanger, Sodium-hydrogen exchanger regulatory factor 1, Solute carrier family 9 isoform A3 regulatory factor 1"
O43633,Charged multivesicular body protein 2a,"Charged multivesicular body protein 2a, Chromatin-modifying protein 2a, CHMP2a, Putative breast adenocarcinoma marker BC-2, Vacuolar protein sorting-associated protein 2-1, Vps2-1, hVps2-1"
O75534,Cold shock domain-containing protein E1,"Cold shock domain-containing protein E1, N-ras upstream gene protein, Protein UNR"
O94826,Mitochondrial import receptor subunit TOM70,"Mitochondrial import receptor subunit TOM70, Mitochondrial precursor proteins import receptor, Translocase of outer membrane 70 kDa subunit, Translocase of outer mitochondrial membrane protein 70"
P27448,MAP/microtubule affinity-regulating kinase 3,"MAP/microtubule affinity-regulating kinase 3, EC 2.7.11.1, C-TAK1, cTAK1, Cdc25C-associated protein kinase 1, ELKL motif kinase 2, EMK-2, Protein kinase STK10, Ser/Thr protein kinase PAR-1, Par-1a, Serine/threonine-protein kinase p78"
Q7KZI7,Serine/threonine-protein kinase MARK2,"Serine/threonine-protein kinase MARK2, EC 2.7.11.1, EC 2.7.11.26, ELKL motif kinase 1, EMK-1, MAP/microtubule affinity-regulating kinase 2, PAR1 homolog, PAR1 homolog b, Par-1b, Par1b"
Q9H2P9,Diphthine methyl ester synthase,"Diphthine methyl ester synthase, EC 2.1.1.314, Diphthamide biosynthesis methyltransferase"
Q9H773,dCTP pyrophosphatase 1,"dCTP pyrophosphatase 1, EC 3.6.1.12, Deoxycytidine-triphosphatase 1, dCTPase 1, RS21C6, XTP3-transactivated gene A protein"
Q9P0L2,Serine/threonine-protein kinase MARK1,"Serine/threonine-protein kinase MARK1, EC 2.7.11.1, EC 2.7.11.26, MAP/microtubule affinity-regulating kinase 1, PAR1 homolog c, Par-1c, Par1c"
Q9UKA9,Polypyrimidine tract-binding protein 2,"Polypyrimidine tract-binding protein 2, Neural polypyrimidine tract-binding protein, Neurally-enriched homolog of PTB, PTB-like protein"
Q9UL15,BAG family molecular chaperone regulator 5,"BAG family molecular chaperone regulator 5, BAG-5, Bcl-2-associated athanogene 5"
O00124,UBX domain-containing protein 8,"UBX domain-containing protein 8, Reproduction 8 protein, Rep-8 protein, UBX domain-containing protein 6"
O43292,Glycosylphosphatidylinositol anchor attachment 1 protein,"Glycosylphosphatidylinositol anchor attachment 1 protein, GPI anchor attachment protein 1, GAA1 protein homolog, hGAA1"
O76024,Wolframin,"Wolframin, GAA1 protein homolog, hGAA1"
P33527,Multidrug resistance-associated protein 1,"Multidrug resistance-associated protein 1, EC 7.6.2.2, ATP-binding cassette sub-family C member 1, Glutathione-S-conjugate-translocating ATPase ABCC1, Leukotriene C(4) transporter, LTC4 transporter"
P55085,Proteinase-activated receptor 2,"Proteinase-activated receptor 2, PAR-2, Coagulation factor II receptor-like 1, G-protein coupled receptor 11, Thrombin receptor-like 1"
Q12770,Sterol regulatory element-binding protein cleavage-activating protein,"Sterol regulatory element-binding protein cleavage-activating protein, SCAP, Coagulation factor II receptor-like 1, G-protein coupled receptor 11, Thrombin receptor-like 1"
Q2PZI1,Probable C-mannosyltransferase DPY19L1,"Probable C-mannosyltransferase DPY19L1, EC 2.4.1.-, Dpy-19-like protein 1, Protein dpy-19 homolog 1"
Q5BJF2,Sigma intracellular receptor 2,"Sigma intracellular receptor 2, Sigma-2 receptor, Meningioma-associated protein 30, Transmembrane protein 97"
Q6NXT4,Zinc transporter 6,"Zinc transporter 6, ZnT-6, Solute carrier family 30 member 6"
Q6NXT6,Transmembrane anterior posterior transformation protein 1 homolog,"Transmembrane anterior posterior transformation protein 1 homolog, Cytomegalovirus partial fusion receptor"
Q7Z2K6,Endoplasmic reticulum metallopeptidase 1,"Endoplasmic reticulum metallopeptidase 1, EC 3.4.-.-, Felix-ina"
Q86UT6,NLR family member X1,"NLR family member X1, Caterpiller protein 11.3, CLR11.3, Nucleotide-binding oligomerization domain protein 26, Nucleotide-binding oligomerization domain protein 5, Nucleotide-binding oligomerization domain protein 9"
Q86VR2,Reticulophagy regulator 3,"Reticulophagy regulator 3, Caterpiller protein 11.3, CLR11.3, Nucleotide-binding oligomerization domain protein 26, Nucleotide-binding oligomerization domain protein 5, Nucleotide-binding oligomerization domain protein 9"
Q8TEQ8,GPI ethanolamine phosphate transferase 3,"GPI ethanolamine phosphate transferase 3, EC 2.-.-.-, Phosphatidylinositol-glycan biosynthesis class O protein, PIG-O"
Q96K12,Fatty acyl-CoA reductase 2,"Fatty acyl-CoA reductase 2, EC 1.2.1.84, Male sterility domain-containing protein 1"
Q9BQ95,"Evolutionarily conserved signaling intermediate in Toll pathway, mitochondrial","Evolutionarily conserved signaling intermediate in Toll pathway, mitochondrial, Protein SITPEC"
Q9BVK2,"Probable dolichyl pyrophosphate Glc1Man9GlcNAc2 alpha-1,3-glucosyltransferase","Probable dolichyl pyrophosphate Glc1Man9GlcNAc2 alpha-1,3-glucosyltransferase, EC 2.4.1.265, Asparagine-linked glycosylation protein 8 homolog, Dol-P-Glc:Glc(1)Man(9)GlcNAc(2)-PP-dolichyl alpha-1,3-glucosyltransferase, Dolichyl-P-Glc:Glc1Man9GlcNAc2-PP-dolichyl glucosyltransferase"
Q9GZU3,Transmembrane protein 39B,"Transmembrane protein 39B, Asparagine-linked glycosylation protein 8 homolog, Dol-P-Glc:Glc(1)Man(9)GlcNAc(2)-PP-dolichyl alpha-1,3-glucosyltransferase, Dolichyl-P-Glc:Glc1Man9GlcNAc2-PP-dolichyl glucosyltransferase"
Q9H3K2,Growth hormone-inducible transmembrane protein,"Growth hormone-inducible transmembrane protein, Dermal papilla-derived protein 2, Mitochondrial morphology and cristae structure 1, MICS1, Transmembrane BAX inhibitor motif-containing protein 5"
Q9H845,"Complex I assembly factor ACAD9, mitochondrial","Complex I assembly factor ACAD9, mitochondrial, Acyl-CoA dehydrogenase family member 9, ACAD-9"
Q9NV92,NEDD4 family-interacting protein 2,"NEDD4 family-interacting protein 2, NEDD4 WW domain-binding protein 5A, Putative MAPK-activating protein PM04/PM05/PM06/PM07, Putative NF-kappa-B-activating protein 413"
Q9Y276,Mitochondrial chaperone BCS1,"Mitochondrial chaperone BCS1, h-BCS1, BCS1-like protein"
Q9Y375,"Complex I intermediate-associated protein 30, mitochondrial","Complex I intermediate-associated protein 30, mitochondrial, NADH dehydrogenase ubiquinone 1 alpha subcomplex assembly factor 1"
Q9Y3A6,Transmembrane emp24 domain-containing protein 5,"Transmembrane emp24 domain-containing protein 5, p24 family protein gamma-2, p24gamma2, p28"
Q9Y6M9,NADH dehydrogenase [ubiquinone] 1 beta subcomplex subunit 9,"NADH dehydrogenase ubiquinone 1 beta subcomplex subunit 9, Complex I-B22, CI-B22, LYR motif-containing protein 3, NADH-ubiquinone oxidoreductase B22 subunit"
Q96S52,GPI transamidase component PIG-S,"GPI transamidase component PIG-S, Phosphatidylinositol-glycan biosynthesis class S protein"
Q9BYF1,Angiotensin-converting enzyme 2,"Angiotensin-converting enzyme 2, EC 3.4.17.23, Angiotensin-converting enzyme homolog, ACEH, Angiotensin-converting enzyme-related carboxypeptidase, ACE-related carboxypeptidase, Metalloprotease MPROT15"